player,season_avg,hot_n,hot_regression,cold_n,cold_regression,normal_n,normal_regression,PLAYER_NAME,FG3A,MIN,GP,volume_tier,years_pro,experience_tier
AJ Green,2.12,2,2.33,0,,68,-0.09,AJ Green,5.0,22.7,73,High (5+ 3PA/g),3,Mid-career (3-7 yrs)
Aaron Gordon,1.47,5,1.53,0,,43,-0.18,Aaron Gordon,3.4,28.4,51,Medium (3-5 3PA/g),11,Veteran (8+ yrs)
Aaron Nesmith,1.87,4,1.42,4,-1.25,34,-0.08,Aaron Nesmith,4.3,24.9,45,Medium (3-5 3PA/g),5,Mid-career (3-7 yrs)
Aaron Wiggins,1.71,7,1.33,1,-6.0,65,-0.11,Aaron Wiggins,4.5,22.9,76,Medium (3-5 3PA/g),4,Mid-career (3-7 yrs)
Al Horford,1.9,2,2.67,4,-0.83,51,-0.03,Al Horford,5.2,27.6,60,High (5+ 3PA/g),18,Veteran (8+ yrs)
Alec Burks,1.8,2,1.67,1,-1.0,43,-0.06,Alec Burks,4.2,17.6,49,Medium (3-5 3PA/g),15,Veteran (8+ yrs)
Alex Caruso,1.11,1,2.67,1,-1.0,49,-0.08,Alex Caruso,3.1,19.3,54,Medium (3-5 3PA/g),8,Veteran (8+ yrs)
Alex Sarr,1.57,5,1.0,0,,59,-0.07,Alex Sarr,5.1,27.1,67,High (5+ 3PA/g),1,Young (0-2 yrs)
Amir Coffey,1.4,7,2.67,0,,62,-0.28,Amir Coffey,3.4,24.3,72,Medium (3-5 3PA/g),6,Mid-career (3-7 yrs)
Andrew Nembhard,0.78,3,1.0,5,-0.6,54,0.0,Andrew Nembhard,2.7,28.9,65,Low (2-3 3PA/g),3,Mid-career (3-7 yrs)
Andrew Wiggins,2.17,1,1.67,2,-1.0,54,0.1,Andrew Wiggins,5.8,30.7,60,High (5+ 3PA/g),11,Veteran (8+ yrs)
Anthony Black,0.79,2,1.0,0,,73,-0.06,Anthony Black,2.5,24.2,78,Low (2-3 3PA/g),2,Young (0-2 yrs)
Antonio Reeves,1.16,5,1.33,0,,36,-0.21,Antonio Reeves,2.9,15.0,44,Low (2-3 3PA/g),1,Young (0-2 yrs)
Ayo Dosunmu,1.35,5,0.67,4,-1.17,34,0.05,Ayo Dosunmu,4.1,30.3,46,Medium (3-5 3PA/g),4,Mid-career (3-7 yrs)
Ben Sheppard,1.08,4,2.0,0,,56,-0.14,Ben Sheppard,3.2,19.5,63,Medium (3-5 3PA/g),2,Young (0-2 yrs)
Bennedict Mathurin,1.36,5,2.53,2,-2.5,62,-0.12,Bennedict Mathurin,4.0,29.9,72,Medium (3-5 3PA/g),3,Mid-career (3-7 yrs)
Bobby Portis,1.33,1,3.0,0,,45,-0.09,Bobby Portis,3.6,25.4,49,Medium (3-5 3PA/g),10,Veteran (8+ yrs)
Bogdan Bogdanović,1.94,1,3.33,1,-2.67,49,0.0,Bogdan Bogdanović,5.4,25.0,54,High (5+ 3PA/g),8,Veteran (8+ yrs)
Brandin Podziemski,1.8,5,1.47,0,,56,-0.18,Brandin Podziemski,4.8,26.8,64,Medium (3-5 3PA/g),2,Young (0-2 yrs)
Brandon Boston,1.17,2,1.83,0,,37,-0.14,Brandon Boston,3.3,23.6,42,Medium (3-5 3PA/g),5,Mid-career (3-7 yrs)
Brice Sensabaugh,2.21,2,0.83,7,-1.33,59,-0.04,Brice Sensabaugh,5.2,20.2,71,High (5+ 3PA/g),2,Young (0-2 yrs)
Brook Lopez,1.74,5,2.4,2,-2.67,70,-0.07,Brook Lopez,4.7,31.8,80,Medium (3-5 3PA/g),17,Veteran (8+ yrs)
Bruce Brown,0.66,5,0.87,0,,33,-0.14,Bruce Brown,2.0,22.5,41,Low (2-3 3PA/g),7,Mid-career (3-7 yrs)
Bub Carrington,1.68,6,2.06,3,-1.67,70,-0.11,Bub Carrington,5.0,30.0,82,High (5+ 3PA/g),1,Young (0-2 yrs)
Buddy Hield,2.48,2,1.83,2,-2.17,75,0.03,Buddy Hield,6.7,22.7,82,High (5+ 3PA/g),9,Veteran (8+ yrs)
Caleb Martin,0.82,3,2.0,0,,39,-0.16,Caleb Martin,2.3,27.1,45,Low (2-3 3PA/g),6,Mid-career (3-7 yrs)
Cam Whitmore,1.27,1,1.0,0,,47,-0.17,Cam Whitmore,3.6,16.2,51,Medium (3-5 3PA/g),2,Young (0-2 yrs)
Cameron Johnson,2.79,2,4.17,0,,52,-0.11,Cameron Johnson,7.2,31.6,57,High (5+ 3PA/g),6,Mid-career (3-7 yrs)
Cameron Payne,1.29,7,0.29,1,-1.0,61,-0.02,Cameron Payne,3.6,15.1,72,Medium (3-5 3PA/g),10,Veteran (8+ yrs)
Caris LeVert,1.66,1,2.33,0,,60,-0.06,Caris LeVert,4.4,24.9,64,Medium (3-5 3PA/g),9,Veteran (8+ yrs)
Cason Wallace,1.09,0,,1,-2.0,64,0.03,Cason Wallace,3.1,27.6,68,Medium (3-5 3PA/g),2,Young (0-2 yrs)
Chet Holmgren,1.38,1,3.33,0,,28,-0.08,Chet Holmgren,3.6,27.4,32,Medium (3-5 3PA/g),2,Young (0-2 yrs)
Chris Boucher,1.4,3,1.89,0,,44,-0.13,Chris Boucher,3.9,17.2,50,Medium (3-5 3PA/g),8,Veteran (8+ yrs)
Chris Paul,1.71,4,1.58,1,-0.67,74,-0.06,Chris Paul,4.5,28.0,82,Medium (3-5 3PA/g),20,Veteran (8+ yrs)
Cody Martin,0.81,4,1.42,0,,46,-0.06,Cody Martin,2.8,22.1,53,Low (2-3 3PA/g),6,Mid-career (3-7 yrs)
Cody Williams,0.7,2,1.17,0,,45,-0.07,Cody Williams,2.7,21.2,50,Low (2-3 3PA/g),1,Young (0-2 yrs)
Cole Anthony,1.15,5,1.6,5,-0.6,54,-0.12,Cole Anthony,3.3,18.4,67,Medium (3-5 3PA/g),5,Mid-career (3-7 yrs)
Collin Sexton,1.75,2,1.5,1,-3.67,57,0.0,Collin Sexton,4.3,27.9,63,Medium (3-5 3PA/g),7,Mid-career (3-7 yrs)
Corey Kispert,1.97,3,1.44,2,-0.67,53,0.01,Corey Kispert,5.4,26.3,61,High (5+ 3PA/g),4,Mid-career (3-7 yrs)
D'Angelo Russell,1.95,2,3.0,0,,53,-0.09,D'Angelo Russell,6.2,25.5,58,High (5+ 3PA/g),10,Veteran (8+ yrs)
DaQuan Jeffries,1.17,8,0.67,4,-0.5,32,-0.09,DaQuan Jeffries,3.5,22.8,47,Medium (3-5 3PA/g),6,Mid-career (3-7 yrs)
Dalano Banton,1.07,2,1.33,0,,62,-0.1,Dalano Banton,3.3,16.7,67,Medium (3-5 3PA/g),4,Mid-career (3-7 yrs)
Dalton Knecht,1.64,6,1.94,0,,69,-0.2,Dalton Knecht,4.4,19.2,78,Medium (3-5 3PA/g),1,Young (0-2 yrs)
Darius Garland,2.83,3,3.11,2,-1.67,67,-0.07,Darius Garland,7.1,30.7,75,High (5+ 3PA/g),6,Mid-career (3-7 yrs)
Davion Mitchell,1.14,6,0.94,1,-2.0,64,-0.06,Davion Mitchell,2.9,27.4,74,Low (2-3 3PA/g),4,Mid-career (3-7 yrs)
De'Andre Hunter,2.45,4,1.92,4,-2.33,53,0.03,De'Andre Hunter,6.1,27.2,64,High (5+ 3PA/g),6,Mid-career (3-7 yrs)
Dean Wade,1.36,1,1.0,1,-1.0,54,0.02,Dean Wade,3.8,21.2,59,Medium (3-5 3PA/g),6,Mid-career (3-7 yrs)
Deni Avdija,1.74,6,0.33,5,-0.67,58,-0.03,Deni Avdija,4.8,30.0,72,Medium (3-5 3PA/g),5,Mid-career (3-7 yrs)
Dennis Schröder,1.69,4,1.0,0,,68,0.02,Dennis Schröder,4.9,28.1,75,Medium (3-5 3PA/g),12,Veteran (8+ yrs)
Derrick Jones Jr.,1.01,4,1.67,0,,70,-0.05,Derrick Jones Jr.,2.8,24.3,77,Low (2-3 3PA/g),9,Veteran (8+ yrs)
Desmond Bane,2.38,3,2.0,3,-2.0,60,-0.08,Desmond Bane,6.1,32.0,69,High (5+ 3PA/g),5,Mid-career (3-7 yrs)
Devin Vassell,2.47,4,1.17,4,-0.92,53,-0.03,Devin Vassell,6.7,31.0,64,High (5+ 3PA/g),5,Mid-career (3-7 yrs)
Dillon Brooks,2.48,3,2.11,2,-7.33,67,0.13,Dillon Brooks,6.3,31.8,75,High (5+ 3PA/g),8,Veteran (8+ yrs)
Donovan Mitchell,3.28,4,1.42,4,-1.25,60,0.01,Donovan Mitchell,8.9,31.4,71,High (5+ 3PA/g),8,Veteran (8+ yrs)
Donte DiVincenzo,2.81,5,1.87,2,-2.17,52,-0.12,Donte DiVincenzo,7.1,25.9,62,High (5+ 3PA/g),7,Mid-career (3-7 yrs)
Dorian Finney-Smith,2.05,2,2.33,1,-1.67,57,-0.13,Dorian Finney-Smith,5.0,28.9,63,High (5+ 3PA/g),9,Veteran (8+ yrs)
Draymond Green,1.18,0,,0,,65,-0.07,Draymond Green,3.6,29.2,68,Medium (3-5 3PA/g),13,Veteran (8+ yrs)
Duncan Robinson,2.57,2,1.5,0,,69,-0.09,Duncan Robinson,6.5,24.1,74,High (5+ 3PA/g),7,Mid-career (3-7 yrs)
Eric Gordon,1.44,7,0.67,0,,29,-0.08,Eric Gordon,3.5,19.7,39,Medium (3-5 3PA/g),17,Veteran (8+ yrs)
Evan Mobley,1.2,5,2.07,0,,63,-0.19,Evan Mobley,3.2,30.5,71,Medium (3-5 3PA/g),4,Mid-career (3-7 yrs)
Gabe Vincent,1.51,7,2.05,0,,62,-0.23,Gabe Vincent,4.3,21.2,72,Medium (3-5 3PA/g),6,Mid-career (3-7 yrs)
Garrison Mathews,1.81,4,1.83,2,-2.5,38,0.04,Garrison Mathews,4.6,17.6,47,Medium (3-5 3PA/g),6,Mid-career (3-7 yrs)
Gary Trent Jr.,2.43,7,2.1,4,-1.25,60,-0.2,Gary Trent Jr.,5.9,25.6,74,High (5+ 3PA/g),7,Mid-career (3-7 yrs)
Georges Niang,2.1,5,2.0,0,,71,-0.19,Georges Niang,5.2,21.5,79,High (5+ 3PA/g),10,Veteran (8+ yrs)
Gradey Dick,2.11,2,3.5,0,,49,-0.09,Gradey Dick,6.0,29.4,54,High (5+ 3PA/g),2,Young (0-2 yrs)
Grayson Allen,2.33,1,3.33,0,,60,-0.13,Grayson Allen,5.5,24.1,64,High (5+ 3PA/g),7,Mid-career (3-7 yrs)
Guerschon Yabusele,1.49,1,3.33,0,,66,-0.09,Guerschon Yabusele,3.9,27.1,70,Medium (3-5 3PA/g),3,Mid-career (3-7 yrs)
Harrison Barnes,1.9,5,1.6,5,-3.0,69,0.07,Harrison Barnes,4.4,27.2,82,Medium (3-5 3PA/g),13,Veteran (8+ yrs)
Haywood Highsmith,1.2,3,2.67,4,-1.5,64,-0.08,Haywood Highsmith,3.1,24.6,74,Medium (3-5 3PA/g),5,Mid-career (3-7 yrs)
Immanuel Quickley,2.58,1,4.0,1,-2.0,28,-0.1,Immanuel Quickley,6.8,27.8,33,High (5+ 3PA/g),5,Mid-career (3-7 yrs)
Isaac Okoro,1.02,0,,0,,52,-0.08,Isaac Okoro,2.7,19.1,55,Low (2-3 3PA/g),5,Mid-career (3-7 yrs)
Isaiah Collier,0.59,7,1.14,0,,61,-0.16,Isaiah Collier,2.4,25.9,71,Low (2-3 3PA/g),1,Young (0-2 yrs)
Isaiah Joe,2.59,4,3.67,0,,67,-0.3,Isaiah Joe,6.3,21.7,74,High (5+ 3PA/g),5,Mid-career (3-7 yrs)
Ja Morant,1.76,3,0.11,1,-1.67,43,-0.09,Ja Morant,5.7,30.4,50,High (5+ 3PA/g),6,Mid-career (3-7 yrs)
Ja'Kobe Walter,1.25,3,1.0,0,,46,-0.15,Ja'Kobe Walter,3.6,21.2,52,Medium (3-5 3PA/g),1,Young (0-2 yrs)
Jabari Smith Jr.,1.72,0,,4,-1.5,50,0.09,Jabari Smith Jr.,4.9,30.1,57,Medium (3-5 3PA/g),3,Mid-career (3-7 yrs)
Jaden Hardy,1.33,3,2.89,0,,51,-0.2,Jaden Hardy,3.5,15.9,57,Medium (3-5 3PA/g),3,Mid-career (3-7 yrs)
Jaden Ivey,2.1,0,,2,-1.83,25,-0.01,Jaden Ivey,5.1,29.9,30,High (5+ 3PA/g),3,Mid-career (3-7 yrs)
Jaden McDaniels,1.22,3,1.44,3,-0.67,73,-0.03,Jaden McDaniels,3.7,31.9,82,Medium (3-5 3PA/g),5,Mid-career (3-7 yrs)
Jake LaRavia,0.91,5,1.6,0,,58,-0.18,Jake LaRavia,2.2,20.4,66,Low (2-3 3PA/g),3,Mid-career (3-7 yrs)
Jalen Smith,1.12,5,0.8,2,-1.5,54,0.02,Jalen Smith,3.5,15.0,64,Medium (3-5 3PA/g),5,Mid-career (3-7 yrs)
Jalen Suggs,2.17,3,2.0,0,,29,-0.13,Jalen Suggs,6.9,28.6,35,High (5+ 3PA/g),4,Mid-career (3-7 yrs)
Jalen Wilson,1.54,3,0.56,1,-1.0,72,-0.13,Jalen Wilson,4.6,25.7,79,Medium (3-5 3PA/g),2,Young (0-2 yrs)
Jamal Shead,0.96,5,1.33,7,-0.43,60,-0.08,Jamal Shead,3.0,19.6,75,Medium (3-5 3PA/g),1,Young (0-2 yrs)
Jamison Battle,1.78,1,2.67,2,-0.5,53,-0.16,Jamison Battle,4.4,17.7,59,Medium (3-5 3PA/g),1,Young (0-2 yrs)
Jarace Walker,1.0,6,0.67,0,,66,-0.1,Jarace Walker,2.5,15.8,75,Low (2-3 3PA/g),2,Young (0-2 yrs)
Jared Butler,1.0,9,0.74,0,,48,-0.22,Jared Butler,2.8,17.4,60,Low (2-3 3PA/g),5,Mid-career (3-7 yrs)
Jaren Jackson Jr.,1.97,4,1.17,2,-0.17,65,-0.09,Jaren Jackson Jr.,5.3,29.8,74,High (5+ 3PA/g),7,Mid-career (3-7 yrs)
Javonte Green,0.68,1,0.67,0,,64,0.01,Javonte Green,2.1,18.5,68,Low (2-3 3PA/g),6,Mid-career (3-7 yrs)
Jaylen Wells,1.75,1,1.67,0,,75,-0.01,Jaylen Wells,5.0,25.9,79,High (5+ 3PA/g),1,Young (0-2 yrs)
Jaylin Williams,1.3,3,1.89,0,,41,-0.12,Jaylin Williams,3.3,16.7,47,Medium (3-5 3PA/g),3,Mid-career (3-7 yrs)
Jeremiah Robinson-Earl,0.85,0,,0,,63,-0.03,Jeremiah Robinson-Earl,2.5,18.8,66,Low (2-3 3PA/g),4,Mid-career (3-7 yrs)
John Collins,1.48,3,1.11,0,,34,-0.09,John Collins,3.7,30.5,40,Medium (3-5 3PA/g),8,Veteran (8+ yrs)
Johnny Juzang,1.84,5,1.47,4,-1.0,52,-0.13,Johnny Juzang,4.9,19.8,64,Medium (3-5 3PA/g),3,Mid-career (3-7 yrs)
Jonathan Isaac,0.55,0,,0,,68,0.03,Jonathan Isaac,2.1,15.4,71,Low (2-3 3PA/g),8,Veteran (8+ yrs)
Jonathan Kuminga,0.98,2,1.33,0,,42,-0.06,Jonathan Kuminga,3.2,24.3,47,Medium (3-5 3PA/g),4,Mid-career (3-7 yrs)
Jordan Clarkson,2.27,4,0.33,0,,30,-0.09,Jordan Clarkson,6.3,26.0,37,High (5+ 3PA/g),11,Veteran (8+ yrs)
Jordan Hawkins,1.96,0,,0,,53,0.02,Jordan Hawkins,5.9,23.6,56,High (5+ 3PA/g),2,Young (0-2 yrs)
Jordan Poole,3.46,2,0.5,0,,63,0.07,Jordan Poole,9.1,29.4,68,High (5+ 3PA/g),6,Mid-career (3-7 yrs)
Jose Alvarado,1.98,4,2.33,2,-4.67,47,-0.06,Jose Alvarado,5.5,24.4,56,High (5+ 3PA/g),4,Mid-career (3-7 yrs)
Josh Giddey,1.5,7,1.0,1,-1.67,59,-0.11,Josh Giddey,4.0,30.2,70,Medium (3-5 3PA/g),4,Mid-career (3-7 yrs)
Josh Green,1.43,2,2.0,0,,63,-0.06,Josh Green,3.6,27.8,68,Medium (3-5 3PA/g),5,Mid-career (3-7 yrs)
Josh Okogie,0.8,0,,0,,37,-0.08,Josh Okogie,2.3,15.6,40,Low (2-3 3PA/g),7,Mid-career (3-7 yrs)
Jrue Holiday,1.74,2,3.0,0,,57,-0.09,Jrue Holiday,4.9,30.6,62,Medium (3-5 3PA/g),16,Veteran (8+ yrs)
Julian Champagnie,2.17,3,2.89,4,-0.92,72,-0.14,Julian Champagnie,5.9,23.6,82,High (5+ 3PA/g),3,Mid-career (3-7 yrs)
Julian Strawther,1.45,4,1.33,3,0.0,55,-0.04,Julian Strawther,4.1,21.3,65,Medium (3-5 3PA/g),2,Young (0-2 yrs)
Justin Champagnie,1.19,1,0.67,0,,58,-0.11,Justin Champagnie,3.1,21.6,62,Medium (3-5 3PA/g),4,Mid-career (3-7 yrs)
Justin Edwards,1.57,6,0.89,2,-1.5,33,-0.12,Justin Edwards,4.3,26.2,44,Medium (3-5 3PA/g),1,Young (0-2 yrs)
Jusuf Nurkić,0.63,4,1.25,0,,44,-0.14,Jusuf Nurkić,2.1,20.8,51,Low (2-3 3PA/g),11,Veteran (8+ yrs)
KJ Simpson,0.92,2,1.67,0,,31,-0.11,KJ Simpson,3.6,23.4,36,Medium (3-5 3PA/g),1,Young (0-2 yrs)
Kawhi Leonard,2.11,0,,3,-0.78,31,-0.04,Kawhi Leonard,5.1,31.9,37,High (5+ 3PA/g),14,Veteran (8+ yrs)
Keaton Wallace,0.87,3,1.56,0,,25,-0.15,Keaton Wallace,2.6,16.2,31,Low (2-3 3PA/g),1,Young (0-2 yrs)
Keldon Johnson,1.13,5,1.93,0,,69,-0.15,Keldon Johnson,3.6,23.9,77,Medium (3-5 3PA/g),6,Mid-career (3-7 yrs)
Kenrich Williams,0.96,8,1.12,0,,58,-0.16,Kenrich Williams,2.5,16.4,69,Low (2-3 3PA/g),7,Mid-career (3-7 yrs)
Kentavious Caldwell-Pope,1.47,6,1.78,0,,68,-0.15,Kentavious Caldwell-Pope,4.3,29.6,77,Medium (3-5 3PA/g),12,Veteran (8+ yrs)
Keon Ellis,1.74,3,2.78,0,,74,-0.15,Keon Ellis,4.0,24.4,80,Medium (3-5 3PA/g),3,Mid-career (3-7 yrs)
Keon Johnson,1.59,6,1.72,2,-1.0,68,-0.17,Keon Johnson,5.1,24.4,79,High (5+ 3PA/g),5,Mid-career (3-7 yrs)
Kevin Huerter,1.91,4,2.08,1,-1.0,61,-0.13,Kevin Huerter,5.7,24.3,69,High (5+ 3PA/g),7,Mid-career (3-7 yrs)
Kevin Porter Jr.,0.73,3,1.11,0,,69,-0.07,Kevin Porter Jr.,2.4,19.8,75,Low (2-3 3PA/g),5,Mid-career (3-7 yrs)
Keyonte George,2.6,2,2.67,2,-2.33,60,0.01,Keyonte George,7.6,31.5,67,High (5+ 3PA/g),2,Young (0-2 yrs)
Khris Middleton,1.3,5,1.13,0,,29,-0.23,Khris Middleton,3.6,22.8,37,Medium (3-5 3PA/g),13,Veteran (8+ yrs)
Klay Thompson,3.0,4,3.33,1,-2.0,64,-0.09,Klay Thompson,7.7,27.3,72,High (5+ 3PA/g),14,Veteran (8+ yrs)
Kris Dunn,1.01,1,1.67,0,,70,-0.04,Kris Dunn,3.0,24.1,74,Medium (3-5 3PA/g),9,Veteran (8+ yrs)
Kristaps Porziņģis,2.45,4,2.42,0,,35,-0.37,Kristaps Porziņģis,6.0,28.8,42,High (5+ 3PA/g),10,Veteran (8+ yrs)
Kyle Filipowski,1.07,9,0.89,0,,60,-0.16,Kyle Filipowski,3.1,21.1,72,Medium (3-5 3PA/g),1,Young (0-2 yrs)
Kyle Kuzma,1.48,3,1.44,0,,59,-0.12,Kyle Kuzma,4.8,29.8,65,Medium (3-5 3PA/g),8,Veteran (8+ yrs)
Kyle Lowry,0.83,6,0.83,0,,26,-0.04,Kyle Lowry,2.5,18.8,35,Low (2-3 3PA/g),19,Veteran (8+ yrs)
Kyshawn George,1.68,5,1.8,2,-0.5,58,-0.18,Kyshawn George,5.2,26.5,68,High (5+ 3PA/g),1,Young (0-2 yrs)
LaMelo Ball,3.81,0,,0,,44,0.08,LaMelo Ball,11.2,32.0,47,High (5+ 3PA/g),5,Mid-career (3-7 yrs)
Landry Shamet,1.24,3,1.67,0,,44,-0.35,Landry Shamet,3.1,15.2,50,Medium (3-5 3PA/g),7,Mid-career (3-7 yrs)
Lauri Markkanen,2.94,3,2.67,0,,41,-0.2,Lauri Markkanen,8.5,31.4,47,High (5+ 3PA/g),8,Veteran (8+ yrs)
Lindy Waters III,1.23,0,,0,,49,-0.1,Lindy Waters III,3.6,15.0,52,Medium (3-5 3PA/g),4,Mid-career (3-7 yrs)
Lonzo Ball,1.91,4,1.5,0,,28,-0.32,Lonzo Ball,5.6,22.2,35,High (5+ 3PA/g),8,Veteran (8+ yrs)
Luguentz Dort,2.39,3,4.11,2,-2.33,63,-0.16,Luguentz Dort,5.8,29.2,71,High (5+ 3PA/g),6,Mid-career (3-7 yrs)
Luke Kennard,1.74,2,4.0,0,,60,-0.11,Luke Kennard,4.0,22.6,65,Medium (3-5 3PA/g),8,Veteran (8+ yrs)
Malik Beasley,3.89,3,1.78,2,-3.5,74,-0.03,Malik Beasley,9.3,27.8,82,High (5+ 3PA/g),10,Veteran (8+ yrs)
Malik Monk,2.14,6,1.17,2,-0.67,54,-0.04,Malik Monk,6.6,31.6,65,High (5+ 3PA/g),8,Veteran (8+ yrs)
Marcus Smart,1.44,2,3.0,0,,29,-0.21,Marcus Smart,4.1,20.0,34,Medium (3-5 3PA/g),11,Veteran (8+ yrs)
Matas Buzelis,1.2,8,1.17,0,,69,-0.19,Matas Buzelis,3.3,18.9,80,Medium (3-5 3PA/g),1,Young (0-2 yrs)
Max Christie,1.47,10,1.3,1,-2.0,64,-0.2,Max Christie,4.0,27.3,78,Medium (3-5 3PA/g),3,Mid-career (3-7 yrs)
Max Strus,2.26,1,3.0,1,-3.33,45,-0.12,Max Strus,5.9,25.5,50,High (5+ 3PA/g),6,Mid-career (3-7 yrs)
Micah Potter,0.82,0,,0,,35,0.04,Micah Potter,2.6,18.6,38,Low (2-3 3PA/g),4,Mid-career (3-7 yrs)
Mike Conley,1.79,0,,1,0.33,67,0.04,Mike Conley,4.4,24.7,71,Medium (3-5 3PA/g),18,Veteran (8+ yrs)
Miles Bridges,2.2,7,1.86,2,-0.33,52,-0.21,Miles Bridges,7.0,31.7,64,High (5+ 3PA/g),6,Mid-career (3-7 yrs)
Miles McBride,1.8,3,1.67,1,-2.67,57,-0.06,Miles McBride,4.9,24.9,64,Medium (3-5 3PA/g),4,Mid-career (3-7 yrs)
Moritz Wagner,0.9,2,1.5,2,-0.5,23,-0.06,Moritz Wagner,2.5,18.8,30,Low (2-3 3PA/g),7,Mid-career (3-7 yrs)
Moses Moody,1.7,2,2.33,2,-1.33,67,-0.0,Moses Moody,4.6,22.3,74,Medium (3-5 3PA/g),4,Mid-career (3-7 yrs)
Mouhamed Gueye,0.64,1,1.67,0,,29,-0.11,Mouhamed Gueye,2.5,16.1,33,Low (2-3 3PA/g),2,Young (0-2 yrs)
Myles Turner,2.17,3,1.33,0,,66,-0.05,Myles Turner,5.5,30.2,72,High (5+ 3PA/g),10,Veteran (8+ yrs)
Naji Marshall,0.87,4,0.75,0,,62,-0.09,Naji Marshall,3.2,27.8,69,Medium (3-5 3PA/g),5,Mid-career (3-7 yrs)
Naz Reid,2.19,4,1.08,1,-2.67,72,0.01,Naz Reid,5.8,27.5,80,High (5+ 3PA/g),6,Mid-career (3-7 yrs)
Nick Smith Jr.,1.73,3,2.0,3,-2.0,51,-0.12,Nick Smith Jr.,5.1,22.8,60,High (5+ 3PA/g),2,Young (0-2 yrs)
Nickeil Alexander-Walker,1.72,4,2.25,4,-1.67,71,-0.02,Nickeil Alexander-Walker,4.5,25.3,82,Medium (3-5 3PA/g),6,Mid-career (3-7 yrs)
Nicolas Batum,1.13,7,0.86,0,,68,-0.17,Nicolas Batum,2.6,17.5,78,Low (2-3 3PA/g),17,Veteran (8+ yrs)
Nikola Jović,1.7,3,1.0,2,-1.17,38,0.04,Nikola Jović,4.6,25.1,46,Medium (3-5 3PA/g),3,Mid-career (3-7 yrs)
Nikola Vučević,1.77,6,1.78,2,-1.83,62,-0.05,Nikola Vučević,4.4,31.2,73,Medium (3-5 3PA/g),14,Veteran (8+ yrs)
Noah Clowney,1.89,2,1.83,0,,41,-0.09,Noah Clowney,5.7,22.7,46,High (5+ 3PA/g),2,Young (0-2 yrs)
Obi Toppin,1.39,7,1.62,0,,69,-0.17,Obi Toppin,3.8,19.6,79,Medium (3-5 3PA/g),5,Mid-career (3-7 yrs)
Ochai Agbaji,1.58,5,1.4,0,,56,-0.19,Ochai Agbaji,4.0,27.2,64,Medium (3-5 3PA/g),3,Mid-career (3-7 yrs)
Onyeka Okongwu,0.65,5,1.0,0,,66,-0.08,Onyeka Okongwu,2.0,27.9,74,Low (2-3 3PA/g),5,Mid-career (3-7 yrs)
Patrick Williams,1.52,2,2.17,0,,58,-0.09,Patrick Williams,4.3,25.0,63,Medium (3-5 3PA/g),5,Mid-career (3-7 yrs)
Payton Pritchard,3.19,6,3.0,2,-2.67,69,-0.16,Payton Pritchard,7.8,28.4,80,High (5+ 3PA/g),5,Mid-career (3-7 yrs)
Peyton Watson,0.71,5,1.33,0,,60,-0.14,Peyton Watson,2.0,24.3,68,Low (2-3 3PA/g),3,Mid-career (3-7 yrs)
Quentin Grimes,2.16,6,2.11,3,-1.78,63,-0.17,Quentin Grimes,5.6,26.8,75,High (5+ 3PA/g),4,Mid-career (3-7 yrs)
Quinten Post,1.74,3,1.33,0,,36,-0.12,Quinten Post,4.3,16.3,42,Medium (3-5 3PA/g),1,Young (0-2 yrs)
Ricky Council IV,0.75,6,1.67,0,,64,-0.18,Ricky Council IV,2.9,17.1,73,Low (2-3 3PA/g),3,Mid-career (3-7 yrs)
Royce O'Neale,2.39,6,2.0,0,,66,-0.18,Royce O'Neale,5.9,24.5,75,High (5+ 3PA/g),8,Veteran (8+ yrs)
Rui Hachimura,1.73,1,2.67,2,-1.67,53,0.01,Rui Hachimura,4.2,31.7,59,Medium (3-5 3PA/g),6,Mid-career (3-7 yrs)
Russell Westbrook,1.25,3,1.56,2,-0.5,67,-0.06,Russell Westbrook,3.9,27.9,75,Medium (3-5 3PA/g),17,Veteran (8+ yrs)
Ryan Dunn,1.11,7,0.76,0,,64,-0.09,Ryan Dunn,3.6,19.1,74,Medium (3-5 3PA/g),1,Young (0-2 yrs)
Sam Hauser,2.34,3,2.11,1,-3.0,64,-0.14,Sam Hauser,5.6,21.7,71,High (5+ 3PA/g),4,Mid-career (3-7 yrs)
Sam Merrill,1.93,3,1.44,0,,65,-0.12,Sam Merrill,5.2,19.7,71,High (5+ 3PA/g),5,Mid-career (3-7 yrs)
Santi Aldama,1.85,0,,1,-3.0,61,0.08,Santi Aldama,5.0,25.5,65,High (5+ 3PA/g),4,Mid-career (3-7 yrs)
Scoot Henderson,1.59,5,1.47,0,,58,-0.15,Scoot Henderson,4.5,26.7,66,Medium (3-5 3PA/g),2,Young (0-2 yrs)
Scotty Pippen Jr.,1.1,7,1.38,0,,69,-0.14,Scotty Pippen Jr.,2.8,21.3,79,Low (2-3 3PA/g),3,Mid-career (3-7 yrs)
Seth Curry,1.22,4,1.67,0,,61,-0.11,Seth Curry,2.7,15.6,68,Low (2-3 3PA/g),12,Veteran (8+ yrs)
Shaedon Sharpe,2.04,3,1.67,2,-2.0,64,-0.13,Shaedon Sharpe,6.6,31.3,72,High (5+ 3PA/g),3,Mid-career (3-7 yrs)
Simone Fontecchio,1.01,1,2.33,0,,71,-0.05,Simone Fontecchio,3.0,16.5,75,Medium (3-5 3PA/g),3,Mid-career (3-7 yrs)
Spencer Dinwiddie,1.38,7,1.62,1,-2.0,68,-0.12,Spencer Dinwiddie,4.1,27.0,79,Medium (3-5 3PA/g),12,Veteran (8+ yrs)
Stephon Castle,1.17,5,1.33,4,-0.75,69,-0.09,Stephon Castle,4.1,26.7,81,Medium (3-5 3PA/g),1,Young (0-2 yrs)
Svi Mykhailiuk,1.84,2,2.83,0,,33,-0.35,Svi Mykhailiuk,5.3,20.0,38,High (5+ 3PA/g),7,Mid-career (3-7 yrs)
Tari Eason,1.11,2,0.67,1,-1.0,51,0.01,Tari Eason,3.2,24.9,57,Medium (3-5 3PA/g),3,Mid-career (3-7 yrs)
Taurean Prince,1.84,3,2.22,3,-2.11,71,-0.03,Taurean Prince,4.2,27.1,80,Medium (3-5 3PA/g),9,Veteran (8+ yrs)
Terance Mann,0.9,4,0.75,0,,60,-0.07,Terance Mann,2.4,21.1,67,Low (2-3 3PA/g),6,Mid-career (3-7 yrs)
Terry Rozier,1.42,5,0.53,0,,56,0.09,Terry Rozier,4.8,25.9,64,Medium (3-5 3PA/g),11,Veteran (8+ yrs)
Tidjane Salaün,0.97,2,1.33,0,,55,-0.03,Tidjane Salaün,3.4,20.7,60,Medium (3-5 3PA/g),1,Young (0-2 yrs)
Tim Hardaway Jr.,2.18,4,2.17,3,-2.33,67,-0.0,Tim Hardaway Jr.,5.9,28.0,77,High (5+ 3PA/g),12,Veteran (8+ yrs)
Tobias Harris,1.25,7,1.71,0,,63,-0.21,Tobias Harris,3.6,31.6,73,Medium (3-5 3PA/g),14,Veteran (8+ yrs)
Trendon Watford,0.66,0,,0,,41,-0.04,Trendon Watford,2.0,20.7,44,Low (2-3 3PA/g),4,Mid-career (3-7 yrs)
Trey Lyles,1.17,5,1.93,0,,61,-0.18,Trey Lyles,3.4,19.6,69,Medium (3-5 3PA/g),11,Veteran (8+ yrs)
Tristan da Silva,1.08,2,2.83,0,,69,-0.1,Tristan da Silva,3.2,22.0,74,Medium (3-5 3PA/g),1,Young (0-2 yrs)
Ty Jerome,1.59,6,2.28,0,,61,-0.3,Ty Jerome,3.6,19.9,70,Medium (3-5 3PA/g),6,Mid-career (3-7 yrs)
Tyrese Martin,1.65,4,1.92,1,-1.0,52,-0.13,Tyrese Martin,4.7,21.9,60,Medium (3-5 3PA/g),2,Young (0-2 yrs)
Tyus Jones,2.05,6,1.22,2,-2.67,70,-0.05,Tyus Jones,5.0,26.8,81,High (5+ 3PA/g),10,Veteran (8+ yrs)
Vasilije Micic,1.1,2,1.17,0,,36,-0.06,Vasilije Micic,3.0,19.1,41,Medium (3-5 3PA/g),3,Mid-career (3-7 yrs)
Vít Krejčí,1.58,2,3.17,7,-0.14,45,-0.15,Vít Krejčí,3.6,20.2,57,Medium (3-5 3PA/g),4,Mid-career (3-7 yrs)
Wendell Carter Jr.,0.54,8,1.0,0,,57,-0.13,Wendell Carter Jr.,2.3,25.9,68,Low (2-3 3PA/g),7,Mid-career (3-7 yrs)
Zaccharie Risacher,1.63,4,2.83,2,-2.0,66,-0.16,Zaccharie Risacher,4.6,24.6,75,Medium (3-5 3PA/g),1,Young (0-2 yrs)
Ziaire Williams,1.63,5,2.6,4,-0.75,51,-0.2,Ziaire Williams,4.8,24.5,63,Medium (3-5 3PA/g),4,Mid-career (3-7 yrs)
